{"cameraMode":{"drawMode":0,"name":"Shaded","section":"Shading Mode"},"sceneLighting":false,"audioPlay":false,"sceneViewState":{"m_AlwaysRefresh":false,"showFog":false,"showSkybox":false,"showFlares":false,"showImageEffects":false,"showParticleSystems":false,"showVisualEffectGraphs":true,"m_FxEnabled":true},"in2DMode":false,"pivot":{"x":0.00000541164081369061,"y":0.000012312321814533789,"z":-0.000005268466338748112},"rotation":{"x":0.0004953710595145822,"y":0.9828050136566162,"z":0.0026443875394761564,"w":-0.18463268876075746},"size":0.000017320508050033823,"orthographic":false}